Name,Age,Gender,City,Department,Salary
JohnDoe,28,Male,NewYork,Marketing,55000
JaneSmith,34,Female,LosAngeles,Sales,75000
MikeJohnson,45,Male,Chicago,IT,90000
EmilyDavis,50,Female,Houston,HR,65000
DavidBrown,30,Male,Phoenix,IT,72000
LindaWhite,27,Female,Philadelphia,Marketing,47000
RobertWilson,39,Male,SanAntonio,Finance,82000
MaryMartin,29,Female,SanDiego,Sales,60000
JamesLee,35,Male,Dallas,HR,67000
PatriciaWalker,42,Female,SanJose,Finance,88000
ThomasRobinson,31,Male,Austin,Marketing,59000
SarahLewis,26,Female,Jacksonville,Sales,54000
DanielYoung,47,Male,FortWorth,IT,95000
KarenHall,52,Female,Columbus,HR,63000
BrianAllen,33,Male,Charlotte,IT,71000
LauraKing,38,Female,Detroit,Finance,84000
MarkWright,41,Male,ElPaso,Marketing,62000
BarbaraScott,36,Female,Memphis,Sales,70000
StevenHarris,28,Male,Baltimore,HR,66000
JessicaGreen,43,Female,Boston,Finance,87000
ChristopherAdams,50,Male,Seattle,IT,89000
AmandaBaker,29,Female,Denver,Marketing,56000
AustinCarter,30,Male,Washington,Sales,71000
RyanMartinez,44,Male,Nashville,HR,68000
RebeccaPerez,25,Female,LasVegas,Finance,53000
CharlesHernandez,48,Male,Portland,IT,92000
SusanMurphy,51,Female,OklahomaCity,HR,64000
PaulRivera,32,Male,Milwaukee,Marketing,58000
NancyReed,40,Female,Albuquerque,Sales,76000
AlanCox,34,Male,Tucson,IT,73000
MeganRichardson,27,Female,Fresno,HR,62000
EdwardMyers,39,Male,Sacramento,Finance,80000
CarolHenderson,45,Female,KansasCity,Marketing,57000
ScottBennett,28,Male,Mesa,Sales,69000
DeborahBarnes,52,Female,Omaha,IT,91000
GeorgeRoss,33,Male,Atlanta,HR,64000
SandraCarter,49,Female,Miami,Finance,85000
GaryPowell,28,Male,Raleigh,IT,72000
AlexisWashington,26,Female,LongBeach,Marketing,53000
BenjaminJenkins,47,Male,VirginiaBeach,Sales,78000
VictoriaLee,50,Female,Oakland,Finance,88000
BruceThompson,36,Male,Minneapolis,IT,70000
AliceWard,32,Female,Arlington,HR,61000
WalterWhite,42,Male,Tampa,Marketing,66000
CharlotteWilson,38,Female,NewOrleans,Sales,75000
GregoryEvans,46,Male,Wichita,IT,80000
ElizabethPatterson,51,Female,Cleveland,HR,64000
DouglasBrooks,29,Male,Bakersfield,Finance,82000
MargaretFuller,37,Female,Anaheim,Marketing,54000
MatthewTurner,34,Male,Honolulu,Sales,71000
JenniferSimmons,48,Female,Aurora,IT,88000
JeremyCook,43,Male,SantaAna,HR,67000
DebraMorgan,25,Female,Riverside,Finance,57000
RaymondGray,39,Male,CorpusChristi,IT,74000
RuthMitchell,52,Female,Lexington,Marketing,60000
EricSullivan,46,Male,Henderson,Sales,76000
FrancesGriffin,44,Female,Stockton,HR,62000
RogerWatson,41,Male,SaintPaul,Finance,84000
HannahFoster,33,Female,Cincinnati,Marketing,67000
AndrewBell,49,Male,Greensboro,IT,92000
JuliaRodriguez,26,Female,Anchorage,Sales,59000
KevinTorres,37,Male,Plano,HR,64000
KimberlyHughes,30,Female,Lincoln,Finance,77000
SeanHayes,35,Male,Orlando,IT,69000
DorothyBryant,47,Female,JerseyCity,Marketing,62000
LarryCooper,38,Male,ChulaVista,Sales,72000
BrittanyReed,31,Female,FortWayne,Finance,80000
FrankRamirez,42,Male,Buffalo,IT,71000
GracePerkins,49,Female,St.Petersburg,HR,66000
TimothyWallace,34,Male,Henderson,Marketing,61000
RebeccaLong,45,Female,Laredo,Sales,70000
AaronAlexander,28,Male,Madison,Finance,85000
RachelKnight,36,Female,Irvine,IT,68000
PatrickStone,43,Male,Lubbock,Marketing,67000
SaraMoore,40,Female,Garland,Sales,78000
RussellRichards,32,Male,Glendale,HR,59000
VictoriaBennett,45,Female,Hialeah,IT,84000
DennisWagner,50,Male,BatonRouge,Marketing,64000
NicoleFields,31,Female,Fremont,Finance,82000
ErnestWebb,38,Male,Richmond,HR,61000
AngelaHolland,43,Female,Spokane,IT,87000
PeterDaniels,35,Male,Tacoma,Marketing,65000
JanetBishop,52,Female,SanBernardino,Sales,74000
JoeChapman,48,Male,Modesto,Finance,86000
RachelLarson,29,Female,Fontana,IT,71000
JuanButler,41,Male,SantaClarita,HR,62000
TheresaHamilton,37,Female,DesMoines,Marketing,60000
BillyGraham,33,Male,Vancouver,Sales,72000
JoanReynolds,34,Female,SiouxFalls,IT,75000
BryanPhillips,28,Male,Augusta,HR,66000
JeanEvans,47,Female,Tampa,Finance,83000
CarlosHernandez,31,Male,GrandRapids,Sales,74000
CatherineGreen,50,Female,Huntsville,Marketing,63000
AdamGrant,28,Male,Worcester,IT,80000
DianaHayes,38,Female,Knoxville,Marketing,68000
DouglasRiley,36,Male,SaltLakeCity,Sales,77500
JoanPalmer,44,Female,Boulder,HR,64000
RandyMorris,42,Male,Reno,Finance,88000
JackSanders,49,Male,FortCollins,Finance,82000
AliceHall,35,Female,Eugene,IT,70000
BenjaminFoster,28,Male,Provo,Marketing,61000
AmberPowell,41,Female,Peoria,HR,62000
JonathanCook,52,Male,CoralSprings,Sales,74000
LisaBrooks,39,Female,AnnArbor,IT,87000
WilliamJames,32,Male,Manchester,Finance,80000
JoyceMartinez,50,Female,Westminster,Marketing,69000
HenryWilson,34,Male,Clearwater,HR,63000
CarolSheffield,29,Female,Denton,Sales,72000
CarlWarren,47,Male,CostaMesa,IT,91000
MonicaHarvey,31,Female,WestPalmBeach,Finance,75000
MichaelOwens,43,Male,Richardson,Marketing,67000
JessicaBrown,25,Female,RoundRock,Sales,65000
LoriCollins,56,Female,BrokenArrow,Finance,78000
WalterBell,29,Male,OverlandPark,IT,68000
VictoriaScott,36,Female,Billings,Marketing,60500
RobertAllard,42,Male,Bridgeport,HR,65500
